{"shelxl": "/home/denis/.linxtl/bin/shelxl", "shelxh": "", "shelxs": "/home/denis/.linxtl/bin/shelxs", "shelxt": "/home/denis/.linxtl/bin/shelxt", "shelxd": "", "shelxc": "/home/denis/.linxtl/bin/shelxc", "shelxe": "", "xprep": "/home/denis/.linxtl/bin/xprep", "platon": "/home/denis/.linxtl/bin/platon", "sir": "", "xpro": "/home/denis/.linxtl/bin/xpro", "publcif": "", "xp": "/home/denis/.linxtl/bin/xpx", "xshell5": "/home/denis/.linxtl/bin/xshell.exe", "xshell6": "", "shelxle": "/home/denis/.linxtl/bin/shelxle", "coot": "/home/denis/.ccp4/ccp4-7.0/bin/coot", "olex": "", "sadabs": "/home/denis/Dropbox/linxtlphonex/bin/sadabs", "xcif": "", "cellnow": "/home/denis/.linxtl/bin/cell_now", "xabs": "/home/denis/.linxtl/bin/xabs", "aimless": "", "pointless": "", "xds": "", "mercury": "/home/denis/.linxtl/Mercury/bin/mercury", "povray": "", "sfconvert": "", "xseed": "", "sxgraph": "/home/denis/.linxtl/bin/xshell.exe", "diamond": "", "encifer": "", "dirdif": "", "pymol": "", "jmol": "", "avogadro": "", "chimera": "", "wine": "/usr/bin/wine64", "saint": "", "anode": "", "drawxtl": "", "rasmol": "/home/denis/.linxtl/bin/rasmol", "anycif": "", "xds2sad": "", "twinabs": "", "ortep3": ""}